-- MySQL dump 10.13  Distrib 8.0.33, for Win64 (x86_64)
--
-- Host: localhost    Database: bancodeteste
-- ------------------------------------------------------
-- Server version	8.0.33

/*!40101 SET @OLD_CHARACTER_SET_CLIENT=@@CHARACTER_SET_CLIENT */;
/*!40101 SET @OLD_CHARACTER_SET_RESULTS=@@CHARACTER_SET_RESULTS */;
/*!40101 SET @OLD_COLLATION_CONNECTION=@@COLLATION_CONNECTION */;
/*!50503 SET NAMES utf8mb4 */;
/*!40103 SET @OLD_TIME_ZONE=@@TIME_ZONE */;
/*!40103 SET TIME_ZONE='+00:00' */;
/*!40014 SET @OLD_UNIQUE_CHECKS=@@UNIQUE_CHECKS, UNIQUE_CHECKS=0 */;
/*!40014 SET @OLD_FOREIGN_KEY_CHECKS=@@FOREIGN_KEY_CHECKS, FOREIGN_KEY_CHECKS=0 */;
/*!40101 SET @OLD_SQL_MODE=@@SQL_MODE, SQL_MODE='NO_AUTO_VALUE_ON_ZERO' */;
/*!40111 SET @OLD_SQL_NOTES=@@SQL_NOTES, SQL_NOTES=0 */;

--
-- Table structure for table `artilheiro`
--

DROP TABLE IF EXISTS `artilheiro`;
/*!40101 SET @saved_cs_client     = @@character_set_client */;
/*!50503 SET character_set_client = utf8mb4 */;
CREATE TABLE `artilheiro` (
  `id` bigint NOT NULL AUTO_INCREMENT,
  `gols` bigint DEFAULT NULL,
  `nome` varchar(255) DEFAULT NULL,
  `id_jogador` bigint unsigned NOT NULL,
  PRIMARY KEY (`id`),
  KEY `ar_jg_index` (`id_jogador`),
  CONSTRAINT `artilheiro_ibfk_1` FOREIGN KEY (`id_jogador`) REFERENCES `jogadores` (`id_jogador`) ON DELETE CASCADE
) ENGINE=InnoDB DEFAULT CHARSET=utf8mb4 COLLATE=utf8mb4_0900_ai_ci;
/*!40101 SET character_set_client = @saved_cs_client */;

--
-- Dumping data for table `artilheiro`
--

LOCK TABLES `artilheiro` WRITE;
/*!40000 ALTER TABLE `artilheiro` DISABLE KEYS */;
/*!40000 ALTER TABLE `artilheiro` ENABLE KEYS */;
UNLOCK TABLES;

--
-- Table structure for table `artilheiro_torneio`
--

DROP TABLE IF EXISTS `artilheiro_torneio`;
/*!40101 SET @saved_cs_client     = @@character_set_client */;
/*!50503 SET character_set_client = utf8mb4 */;
CREATE TABLE `artilheiro_torneio` (
  `id` bigint NOT NULL AUTO_INCREMENT,
  `gols` bigint DEFAULT NULL,
  `nome` varchar(255) DEFAULT NULL,
  PRIMARY KEY (`id`)
) ENGINE=InnoDB DEFAULT CHARSET=utf8mb4 COLLATE=utf8mb4_0900_ai_ci;
/*!40101 SET character_set_client = @saved_cs_client */;

--
-- Dumping data for table `artilheiro_torneio`
--

LOCK TABLES `artilheiro_torneio` WRITE;
/*!40000 ALTER TABLE `artilheiro_torneio` DISABLE KEYS */;
/*!40000 ALTER TABLE `artilheiro_torneio` ENABLE KEYS */;
UNLOCK TABLES;

--
-- Table structure for table `assistencia`
--

DROP TABLE IF EXISTS `assistencia`;
/*!40101 SET @saved_cs_client     = @@character_set_client */;
/*!50503 SET character_set_client = utf8mb4 */;
CREATE TABLE `assistencia` (
  `id` bigint NOT NULL AUTO_INCREMENT,
  `assistencias` bigint DEFAULT NULL,
  `nome` varchar(255) DEFAULT NULL,
  `id_jogador` bigint unsigned NOT NULL,
  PRIMARY KEY (`id`),
  KEY `ar_jg_index` (`id_jogador`),
  CONSTRAINT `assistencia_ibfk_1` FOREIGN KEY (`id_jogador`) REFERENCES `jogadores` (`id_jogador`) ON DELETE CASCADE
) ENGINE=InnoDB DEFAULT CHARSET=utf8mb4 COLLATE=utf8mb4_0900_ai_ci;
/*!40101 SET character_set_client = @saved_cs_client */;

--
-- Dumping data for table `assistencia`
--

LOCK TABLES `assistencia` WRITE;
/*!40000 ALTER TABLE `assistencia` DISABLE KEYS */;
/*!40000 ALTER TABLE `assistencia` ENABLE KEYS */;
UNLOCK TABLES;

--
-- Table structure for table `assistencia_torneio`
--

DROP TABLE IF EXISTS `assistencia_torneio`;
/*!40101 SET @saved_cs_client     = @@character_set_client */;
/*!50503 SET character_set_client = utf8mb4 */;
CREATE TABLE `assistencia_torneio` (
  `id` bigint NOT NULL AUTO_INCREMENT,
  `assistencias` bigint DEFAULT NULL,
  `nome` varchar(255) DEFAULT NULL,
  PRIMARY KEY (`id`)
) ENGINE=InnoDB DEFAULT CHARSET=utf8mb4 COLLATE=utf8mb4_0900_ai_ci;
/*!40101 SET character_set_client = @saved_cs_client */;

--
-- Dumping data for table `assistencia_torneio`
--

LOCK TABLES `assistencia_torneio` WRITE;
/*!40000 ALTER TABLE `assistencia_torneio` DISABLE KEYS */;
/*!40000 ALTER TABLE `assistencia_torneio` ENABLE KEYS */;
UNLOCK TABLES;

--
-- Table structure for table `jogadores`
--

DROP TABLE IF EXISTS `jogadores`;
/*!40101 SET @saved_cs_client     = @@character_set_client */;
/*!50503 SET character_set_client = utf8mb4 */;
CREATE TABLE `jogadores` (
  `id_jogador` bigint unsigned NOT NULL AUTO_INCREMENT,
  `nome` varchar(255) DEFAULT NULL,
  `pais` varchar(100) DEFAULT NULL,
  `posicao` varchar(100) DEFAULT NULL,
  `foto` longblob,
  `id_time` bigint unsigned NOT NULL,
  `dono` int DEFAULT NULL,
  PRIMARY KEY (`id_jogador`),
  KEY `jg_tm_index` (`id_time`),
  CONSTRAINT `jogadores_ibfk_1` FOREIGN KEY (`id_time`) REFERENCES `times_tb` (`id_time`) ON DELETE CASCADE
) ENGINE=InnoDB AUTO_INCREMENT=65 DEFAULT CHARSET=utf8mb4 COLLATE=utf8mb4_0900_ai_ci;
/*!40101 SET character_set_client = @saved_cs_client */;

--
-- Dumping data for table `jogadores`
--

LOCK TABLES `jogadores` WRITE;
/*!40000 ALTER TABLE `jogadores` DISABLE KEYS */;
INSERT INTO `jogadores` VALUES (1,'Pente Preto','Banheiro','Volante',NULL,1,1),(2,'Wilham','Sala','Meia atacante',NULL,1,NULL),(3,'Luiz','Sala','Meia central',NULL,1,NULL),(4,'Leonardo','Quarto do Norte','Lateral',NULL,1,NULL),(5,'Rodrigo','Cozinha','Meia central',NULL,5,1),(6,'Rafael','Quarto do Norte','Volante',NULL,5,NULL),(7,'Matias','Banheiro','Zagueiro',NULL,5,NULL),(8,'Dove','Banheiro','Meia atacante',NULL,5,NULL),(9,'Taylor','Sala','Volante',NULL,2,1),(10,'Homem de Ferro','Quarto do Sul','Meia atacante',NULL,2,NULL),(11,'Titan','Quarto do Norte','Meia atacante',NULL,2,NULL),(12,'Renan','Sacada do Norte','Meia central',NULL,2,NULL),(13,'Raul','Quarto do Norte','Volante',NULL,9,1),(14,'Super Homem','Quarto do Sul','Meia atacante',NULL,9,NULL),(15,'Luiza','Quarto do Sul','Zagueiro',NULL,9,NULL),(16,'Theo','Cozinha','Zagueiro',NULL,9,NULL),(17,'Sr Incrivel','Quarto do Norte','Atacante',NULL,10,1),(18,'Michel','Sala','Volante',NULL,10,NULL),(19,'Pepe','Banheiro','Meia atacante',NULL,10,NULL),(20,'Rita','Banheiro','Zagueiro',NULL,10,NULL),(21,'Maçaneta','Sacada do Norte','Volante',NULL,13,1),(22,'Luciano','Quarto do Sul','Volante',NULL,13,NULL),(23,'Azeite','Cozinha','Meia atacante',NULL,13,NULL),(24,'Mostarda','Cozinha','Atacante',NULL,13,NULL),(25,'Hulk','Quarto do Sul','Meia atacante',NULL,14,1),(26,'Pente Cinza','Sala','Volante',NULL,14,NULL),(27,'Azulão','Quarto do Sul','Meia central',NULL,14,NULL),(28,'Buzz','Sala','Atacante',NULL,14,NULL),(29,'Filipe','Sala','Atacante',NULL,3,1),(30,'Sabrina','Quarto do Norte','Volante',NULL,3,NULL),(31,'Ufe','Cozinha','Zagueiro',NULL,3,NULL),(32,'Monange','Quarto do Norte','Lateral',NULL,3,NULL),(33,'Vinicius','Quarto do Norte','Atacante',NULL,11,1),(34,'Thanos','Quarto do Sul','Meia atacante',NULL,11,NULL),(35,'Tati','Quarto do Norte','Volante',NULL,11,NULL),(36,'Pantene','Banheiro','Lateral',NULL,11,NULL),(37,'Pente Rosa','Cozinha','Volante',NULL,6,1),(38,'Tiago','Sala','Meia atacante',NULL,6,NULL),(39,'Dony','Banheiro','Meia atacante',NULL,6,NULL),(40,'Katchup','Cozinha','Zagueiro',NULL,6,NULL),(41,'Cif','Laje','Lateral',NULL,12,1),(42,'Gael','Quarto do Sul','Volante',NULL,12,NULL),(43,'Varicel','Quarto do Norte','Lateral',NULL,12,NULL),(44,'Monstro','Salão','Atacante',NULL,12,NULL),(45,'Hammer','Cozinha','Zagueiro',NULL,7,1),(46,'Renato','Quarto do Sul','Volante',NULL,7,NULL),(47,'Eva','Sala','Zagueiro',NULL,7,NULL),(48,'Controle da tv','Sala','Atacante',NULL,7,NULL),(49,'Cindy','Cozinha','Meia atacante',NULL,8,1),(50,'Rivelino','Salão','Meia atacante',NULL,8,NULL),(51,'Pente Laranja','Sala','Volante',NULL,8,NULL),(52,'Gradiente','Sala','Meia atacante',NULL,8,NULL),(53,'Elza','Quarto do Sul','Volante',NULL,15,1),(54,'Loriel','Banheiro','Meia central',NULL,15,NULL),(55,'Sensodiny','Cozinha','Zagueiro',NULL,15,NULL),(56,'Sherk','Quarto do Sul','Atacante',NULL,15,NULL),(57,'Telefone','Sala','Atacante',NULL,4,1),(58,'Joker','Quarto do Sul','Meia atacante',NULL,4,NULL),(59,'Pantera Negra','Quarto do Sul','Meia atacante',NULL,4,NULL),(60,'Azuzinho','Cozinha','Volante',NULL,4,NULL),(61,'Sundown','Quarto do Sul','Lateral',NULL,16,1),(62,'Alice','Quarto do Sul','Volante',NULL,16,NULL),(63,'Rildo','Sacada do Norte','Ponta de lança',NULL,16,NULL),(64,'Lacan','Banheiro','Lateral',NULL,16,NULL);
/*!40000 ALTER TABLE `jogadores` ENABLE KEYS */;
UNLOCK TABLES;

--
-- Table structure for table `ligas`
--

DROP TABLE IF EXISTS `ligas`;
/*!40101 SET @saved_cs_client     = @@character_set_client */;
/*!50503 SET character_set_client = utf8mb4 */;
CREATE TABLE `ligas` (
  `id` bigint unsigned NOT NULL AUTO_INCREMENT,
  `nome` varchar(255) DEFAULT NULL,
  PRIMARY KEY (`id`)
) ENGINE=InnoDB AUTO_INCREMENT=5 DEFAULT CHARSET=utf8mb4 COLLATE=utf8mb4_0900_ai_ci;
/*!40101 SET character_set_client = @saved_cs_client */;

--
-- Dumping data for table `ligas`
--

LOCK TABLES `ligas` WRITE;
/*!40000 ALTER TABLE `ligas` DISABLE KEYS */;
INSERT INTO `ligas` VALUES (1,'Division Soccer'),(2,'Coziano'),(3,'Noriano'),(4,'Sulriano');
/*!40000 ALTER TABLE `ligas` ENABLE KEYS */;
UNLOCK TABLES;

--
-- Table structure for table `placar_jogo`
--

DROP TABLE IF EXISTS `placar_jogo`;
/*!40101 SET @saved_cs_client     = @@character_set_client */;
/*!50503 SET character_set_client = utf8mb4 */;
CREATE TABLE `placar_jogo` (
  `id` bigint NOT NULL AUTO_INCREMENT,
  `nome` varchar(100) DEFAULT NULL,
  `placar` int DEFAULT NULL,
  PRIMARY KEY (`id`)
) ENGINE=InnoDB DEFAULT CHARSET=utf8mb4 COLLATE=utf8mb4_0900_ai_ci;
/*!40101 SET character_set_client = @saved_cs_client */;

--
-- Dumping data for table `placar_jogo`
--

LOCK TABLES `placar_jogo` WRITE;
/*!40000 ALTER TABLE `placar_jogo` DISABLE KEYS */;
/*!40000 ALTER TABLE `placar_jogo` ENABLE KEYS */;
UNLOCK TABLES;

--
-- Table structure for table `pontos_troneio`
--

DROP TABLE IF EXISTS `pontos_troneio`;
/*!40101 SET @saved_cs_client     = @@character_set_client */;
/*!50503 SET character_set_client = utf8mb4 */;
CREATE TABLE `pontos_troneio` (
  `id` bigint NOT NULL AUTO_INCREMENT,
  `nome` varchar(255) DEFAULT NULL,
  `pontos` bigint DEFAULT NULL,
  PRIMARY KEY (`id`)
) ENGINE=InnoDB DEFAULT CHARSET=utf8mb4 COLLATE=utf8mb4_0900_ai_ci;
/*!40101 SET character_set_client = @saved_cs_client */;

--
-- Dumping data for table `pontos_troneio`
--

LOCK TABLES `pontos_troneio` WRITE;
/*!40000 ALTER TABLE `pontos_troneio` DISABLE KEYS */;
/*!40000 ALTER TABLE `pontos_troneio` ENABLE KEYS */;
UNLOCK TABLES;

--
-- Table structure for table `ranking_clubes`
--

DROP TABLE IF EXISTS `ranking_clubes`;
/*!40101 SET @saved_cs_client     = @@character_set_client */;
/*!50503 SET character_set_client = utf8mb4 */;
CREATE TABLE `ranking_clubes` (
  `id` bigint NOT NULL AUTO_INCREMENT,
  `nome` varchar(255) DEFAULT NULL,
  `pontos` bigint DEFAULT NULL,
  `posicao` varchar(100) DEFAULT NULL,
  PRIMARY KEY (`id`)
) ENGINE=InnoDB DEFAULT CHARSET=utf8mb4 COLLATE=utf8mb4_0900_ai_ci;
/*!40101 SET character_set_client = @saved_cs_client */;

--
-- Dumping data for table `ranking_clubes`
--

LOCK TABLES `ranking_clubes` WRITE;
/*!40000 ALTER TABLE `ranking_clubes` DISABLE KEYS */;
/*!40000 ALTER TABLE `ranking_clubes` ENABLE KEYS */;
UNLOCK TABLES;

--
-- Table structure for table `ranking_jogadores`
--

DROP TABLE IF EXISTS `ranking_jogadores`;
/*!40101 SET @saved_cs_client     = @@character_set_client */;
/*!50503 SET character_set_client = utf8mb4 */;
CREATE TABLE `ranking_jogadores` (
  `id` bigint NOT NULL AUTO_INCREMENT,
  `nome` varchar(255) DEFAULT NULL,
  `pontos` bigint DEFAULT NULL,
  PRIMARY KEY (`id`)
) ENGINE=InnoDB DEFAULT CHARSET=utf8mb4 COLLATE=utf8mb4_0900_ai_ci;
/*!40101 SET character_set_client = @saved_cs_client */;

--
-- Dumping data for table `ranking_jogadores`
--

LOCK TABLES `ranking_jogadores` WRITE;
/*!40000 ALTER TABLE `ranking_jogadores` DISABLE KEYS */;
/*!40000 ALTER TABLE `ranking_jogadores` ENABLE KEYS */;
UNLOCK TABLES;

--
-- Table structure for table `ranking_titulos`
--

DROP TABLE IF EXISTS `ranking_titulos`;
/*!40101 SET @saved_cs_client     = @@character_set_client */;
/*!50503 SET character_set_client = utf8mb4 */;
CREATE TABLE `ranking_titulos` (
  `id` bigint NOT NULL AUTO_INCREMENT,
  `nomeJogador` varchar(100) DEFAULT NULL,
  `liga` int DEFAULT NULL,
  `copa` int DEFAULT NULL,
  `subLiga` int DEFAULT NULL,
  `mundial` int DEFAULT NULL,
  `superCopa` int DEFAULT NULL,
  `total` int DEFAULT NULL,
  PRIMARY KEY (`id`)
) ENGINE=InnoDB DEFAULT CHARSET=utf8mb4 COLLATE=utf8mb4_0900_ai_ci;
/*!40101 SET character_set_client = @saved_cs_client */;

--
-- Dumping data for table `ranking_titulos`
--

LOCK TABLES `ranking_titulos` WRITE;
/*!40000 ALTER TABLE `ranking_titulos` DISABLE KEYS */;
/*!40000 ALTER TABLE `ranking_titulos` ENABLE KEYS */;
UNLOCK TABLES;

--
-- Table structure for table `resultados`
--

DROP TABLE IF EXISTS `resultados`;
/*!40101 SET @saved_cs_client     = @@character_set_client */;
/*!50503 SET character_set_client = utf8mb4 */;
CREATE TABLE `resultados` (
  `id` bigint NOT NULL AUTO_INCREMENT,
  `resultado` varchar(100) DEFAULT NULL,
  `data` datetime DEFAULT NULL ON UPDATE CURRENT_TIMESTAMP,
  PRIMARY KEY (`id`)
) ENGINE=InnoDB AUTO_INCREMENT=25 DEFAULT CHARSET=utf8mb4 COLLATE=utf8mb4_0900_ai_ci;
/*!40101 SET character_set_client = @saved_cs_client */;

--
-- Dumping data for table `resultados`
--

LOCK TABLES `resultados` WRITE;
/*!40000 ALTER TABLE `resultados` DISABLE KEYS */;
INSERT INTO `resultados` VALUES (1,NULL,NULL),(2,NULL,NULL),(3,NULL,NULL),(4,NULL,NULL),(5,NULL,NULL),(6,NULL,NULL),(7,NULL,NULL),(8,NULL,NULL),(9,NULL,NULL),(10,NULL,NULL),(11,NULL,NULL),(12,NULL,NULL),(13,NULL,NULL),(14,NULL,NULL),(15,NULL,NULL),(16,NULL,NULL),(17,NULL,NULL),(18,NULL,NULL),(19,NULL,NULL),(20,NULL,NULL),(21,NULL,NULL),(22,NULL,NULL),(23,NULL,NULL),(24,NULL,NULL);
/*!40000 ALTER TABLE `resultados` ENABLE KEYS */;
UNLOCK TABLES;

--
-- Table structure for table `resultados_copa`
--

DROP TABLE IF EXISTS `resultados_copa`;
/*!40101 SET @saved_cs_client     = @@character_set_client */;
/*!50503 SET character_set_client = utf8mb4 */;
CREATE TABLE `resultados_copa` (
  `id` bigint NOT NULL AUTO_INCREMENT,
  `nome` varchar(200) DEFAULT NULL,
  `placar` bigint DEFAULT NULL,
  `fase` varchar(200) DEFAULT NULL,
  `data` datetime DEFAULT NULL ON UPDATE CURRENT_TIMESTAMP,
  PRIMARY KEY (`id`)
) ENGINE=InnoDB AUTO_INCREMENT=49 DEFAULT CHARSET=utf8mb4 COLLATE=utf8mb4_0900_ai_ci;
/*!40101 SET character_set_client = @saved_cs_client */;

--
-- Dumping data for table `resultados_copa`
--

LOCK TABLES `resultados_copa` WRITE;
/*!40000 ALTER TABLE `resultados_copa` DISABLE KEYS */;
INSERT INTO `resultados_copa` VALUES (1,NULL,NULL,NULL,NULL),(2,NULL,NULL,NULL,NULL),(3,NULL,NULL,NULL,NULL),(4,NULL,NULL,NULL,NULL),(5,NULL,NULL,NULL,NULL),(6,NULL,NULL,NULL,NULL),(7,NULL,NULL,NULL,NULL),(8,NULL,NULL,NULL,NULL),(9,NULL,NULL,NULL,NULL),(10,NULL,NULL,NULL,NULL),(11,NULL,NULL,NULL,NULL),(12,NULL,NULL,NULL,NULL),(13,NULL,NULL,NULL,NULL),(14,NULL,NULL,NULL,NULL),(15,NULL,NULL,NULL,NULL),(16,NULL,NULL,NULL,NULL),(17,NULL,NULL,NULL,NULL),(18,NULL,NULL,NULL,NULL),(19,NULL,NULL,NULL,NULL),(20,NULL,NULL,NULL,NULL),(21,NULL,NULL,NULL,NULL),(22,NULL,NULL,NULL,NULL),(23,NULL,NULL,NULL,NULL),(24,NULL,NULL,NULL,NULL),(25,NULL,NULL,NULL,NULL),(26,NULL,NULL,NULL,NULL),(27,NULL,NULL,NULL,NULL),(28,NULL,NULL,NULL,NULL),(29,NULL,NULL,NULL,NULL),(30,NULL,NULL,NULL,NULL),(31,NULL,NULL,NULL,NULL),(32,NULL,NULL,NULL,NULL),(33,NULL,NULL,NULL,NULL),(34,NULL,NULL,NULL,NULL),(35,NULL,NULL,NULL,NULL),(36,NULL,NULL,NULL,NULL),(37,NULL,NULL,NULL,NULL),(38,NULL,NULL,NULL,NULL),(39,NULL,NULL,NULL,NULL),(40,NULL,NULL,NULL,NULL),(41,NULL,NULL,NULL,NULL),(42,NULL,NULL,NULL,NULL),(43,NULL,NULL,NULL,NULL),(44,NULL,NULL,NULL,NULL),(45,NULL,NULL,NULL,NULL),(46,NULL,NULL,NULL,NULL),(47,NULL,NULL,NULL,NULL),(48,NULL,NULL,NULL,NULL);
/*!40000 ALTER TABLE `resultados_copa` ENABLE KEYS */;
UNLOCK TABLES;

--
-- Table structure for table `tb_usuario`
--

DROP TABLE IF EXISTS `tb_usuario`;
/*!40101 SET @saved_cs_client     = @@character_set_client */;
/*!50503 SET character_set_client = utf8mb4 */;
CREATE TABLE `tb_usuario` (
  `id` bigint NOT NULL AUTO_INCREMENT,
  `senha` varchar(255) DEFAULT NULL,
  `usuario` varchar(255) DEFAULT NULL,
  PRIMARY KEY (`id`)
) ENGINE=InnoDB DEFAULT CHARSET=utf8mb4 COLLATE=utf8mb4_0900_ai_ci;
/*!40101 SET character_set_client = @saved_cs_client */;

--
-- Dumping data for table `tb_usuario`
--

LOCK TABLES `tb_usuario` WRITE;
/*!40000 ALTER TABLE `tb_usuario` DISABLE KEYS */;
/*!40000 ALTER TABLE `tb_usuario` ENABLE KEYS */;
UNLOCK TABLES;

--
-- Table structure for table `times_copa`
--

DROP TABLE IF EXISTS `times_copa`;
/*!40101 SET @saved_cs_client     = @@character_set_client */;
/*!50503 SET character_set_client = utf8mb4 */;
CREATE TABLE `times_copa` (
  `id` bigint NOT NULL AUTO_INCREMENT,
  `nome` varchar(200) DEFAULT NULL,
  PRIMARY KEY (`id`)
) ENGINE=InnoDB DEFAULT CHARSET=utf8mb4 COLLATE=utf8mb4_0900_ai_ci;
/*!40101 SET character_set_client = @saved_cs_client */;

--
-- Dumping data for table `times_copa`
--

LOCK TABLES `times_copa` WRITE;
/*!40000 ALTER TABLE `times_copa` DISABLE KEYS */;
/*!40000 ALTER TABLE `times_copa` ENABLE KEYS */;
UNLOCK TABLES;

--
-- Table structure for table `times_sorteados`
--

DROP TABLE IF EXISTS `times_sorteados`;
/*!40101 SET @saved_cs_client     = @@character_set_client */;
/*!50503 SET character_set_client = utf8mb4 */;
CREATE TABLE `times_sorteados` (
  `id` bigint NOT NULL AUTO_INCREMENT,
  `nome` varchar(255) DEFAULT NULL,
  PRIMARY KEY (`id`)
) ENGINE=InnoDB DEFAULT CHARSET=utf8mb4 COLLATE=utf8mb4_0900_ai_ci;
/*!40101 SET character_set_client = @saved_cs_client */;

--
-- Dumping data for table `times_sorteados`
--

LOCK TABLES `times_sorteados` WRITE;
/*!40000 ALTER TABLE `times_sorteados` DISABLE KEYS */;
/*!40000 ALTER TABLE `times_sorteados` ENABLE KEYS */;
UNLOCK TABLES;

--
-- Table structure for table `times_tb`
--

DROP TABLE IF EXISTS `times_tb`;
/*!40101 SET @saved_cs_client     = @@character_set_client */;
/*!50503 SET character_set_client = utf8mb4 */;
CREATE TABLE `times_tb` (
  `id_time` bigint unsigned NOT NULL AUTO_INCREMENT,
  `nome` varchar(255) DEFAULT NULL,
  `id_liga` bigint unsigned NOT NULL,
  PRIMARY KEY (`id_time`),
  KEY `liga_time_index` (`id_liga`),
  CONSTRAINT `times_tb_ibfk_1` FOREIGN KEY (`id_liga`) REFERENCES `ligas` (`id`) ON DELETE CASCADE
) ENGINE=InnoDB AUTO_INCREMENT=17 DEFAULT CHARSET=utf8mb4 COLLATE=utf8mb4_0900_ai_ci;
/*!40101 SET character_set_client = @saved_cs_client */;

--
-- Dumping data for table `times_tb`
--

LOCK TABLES `times_tb` WRITE;
/*!40000 ALTER TABLE `times_tb` DISABLE KEYS */;
INSERT INTO `times_tb` VALUES (1,'Castelão',1),(2,'Democration',1),(3,'Brécia',1),(4,'Chips',1),(5,'Panasonic',2),(6,'Element',2),(7,'Brastemp',2),(8,'Juventude',2),(9,'Raiden',3),(10,'Halor',3),(11,'Galaxy',3),(12,'Penharol',3),(13,'Ases',4),(14,'Once Caldas',4),(15,'Lacta',4),(16,'Vans',4);
/*!40000 ALTER TABLE `times_tb` ENABLE KEYS */;
UNLOCK TABLES;

--
-- Table structure for table `torneio`
--

DROP TABLE IF EXISTS `torneio`;
/*!40101 SET @saved_cs_client     = @@character_set_client */;
/*!50503 SET character_set_client = utf8mb4 */;
CREATE TABLE `torneio` (
  `id` bigint NOT NULL AUTO_INCREMENT,
  `nome` varchar(255) DEFAULT NULL,
  `pontos` bigint DEFAULT NULL,
  `saldo` bigint DEFAULT NULL,
  PRIMARY KEY (`id`)
) ENGINE=InnoDB DEFAULT CHARSET=utf8mb4 COLLATE=utf8mb4_0900_ai_ci;
/*!40101 SET character_set_client = @saved_cs_client */;

--
-- Dumping data for table `torneio`
--

LOCK TABLES `torneio` WRITE;
/*!40000 ALTER TABLE `torneio` DISABLE KEYS */;
/*!40000 ALTER TABLE `torneio` ENABLE KEYS */;
UNLOCK TABLES;

--
-- Table structure for table `users`
--

DROP TABLE IF EXISTS `users`;
/*!40101 SET @saved_cs_client     = @@character_set_client */;
/*!50503 SET character_set_client = utf8mb4 */;
CREATE TABLE `users` (
  `id` bigint NOT NULL AUTO_INCREMENT,
  `nome` varchar(100) DEFAULT NULL,
  PRIMARY KEY (`id`)
) ENGINE=InnoDB DEFAULT CHARSET=utf8mb4 COLLATE=utf8mb4_0900_ai_ci;
/*!40101 SET character_set_client = @saved_cs_client */;

--
-- Dumping data for table `users`
--

LOCK TABLES `users` WRITE;
/*!40000 ALTER TABLE `users` DISABLE KEYS */;
/*!40000 ALTER TABLE `users` ENABLE KEYS */;
UNLOCK TABLES;
/*!40103 SET TIME_ZONE=@OLD_TIME_ZONE */;

/*!40101 SET SQL_MODE=@OLD_SQL_MODE */;
/*!40014 SET FOREIGN_KEY_CHECKS=@OLD_FOREIGN_KEY_CHECKS */;
/*!40014 SET UNIQUE_CHECKS=@OLD_UNIQUE_CHECKS */;
/*!40101 SET CHARACTER_SET_CLIENT=@OLD_CHARACTER_SET_CLIENT */;
/*!40101 SET CHARACTER_SET_RESULTS=@OLD_CHARACTER_SET_RESULTS */;
/*!40101 SET COLLATION_CONNECTION=@OLD_COLLATION_CONNECTION */;
/*!40111 SET SQL_NOTES=@OLD_SQL_NOTES */;

-- Dump completed on 2025-03-28  0:19:25
